{
  "unit_data": {
    "spear": {
      "id": "spear",
      "image": "unit\/unit_spear.png",
      "type": "infantry",
      "prod_building": "barracks",
      "build_time": 1020,
      "wood": 50,
      "stone": 30,
      "iron": 10,
      "pop": 1,
      "speed": 0.0009259259259,
      "attack": 10,
      "building_attack_multiplier": null,
      "additional_max_wall_negation": null,
      "defense": 15,
      "defense_cavalry": 45,
      "defense_archer": 20,
      "carry": 25,
      "stealth": 0,
      "perception": 0,
      "can_attack": true,
      "can_support": true,
      "attackpoints": 4,
      "defpoints": 1,
      "cost_modifier": 1,
      "reqs": [
        {
          "building_id": "barracks",
          "building_link": "\/game.php?village=31999&screen=barracks",
          "name": "Quartel",
          "level": 1
        }
      ],
      "name": "Lanceiro",
      "shortname": "Lan\u00e7a",
      "desc": "O lanceiro \u00e9 a unidade mais simples. Ele \u00e9 eficiente na defesa contra cavalaria e para saquear aldeias.",
      "desc_abilities": []
    },
    "sword": {
      "id": "sword",
      "image": "unit\/unit_sword.png",
      "type": "infantry",
      "prod_building": "barracks",
      "build_time": 1500,
      "wood": 30,
      "stone": 30,
      "iron": 70,
      "pop": 1,
      "speed": 0.0007575757576,
      "attack": 25,
      "building_attack_multiplier": null,
      "additional_max_wall_negation": null,
      "defense": 50,
      "defense_cavalry": 15,
      "defense_archer": 40,
      "carry": 15,
      "stealth": 0,
      "perception": 0,
      "can_attack": true,
      "can_support": true,
      "attackpoints": 5,
      "defpoints": 2,
      "cost_modifier": 1,
      "reqs": [
        {
          "building_id": "smith",
          "building_link": "\/game.php?village=31999&screen=smith",
          "name": "Ferreiro",
          "level": 1
        }
      ],
      "name": "Espadachim",
      "shortname": "Espada",
      "desc": "O espadachim \u00e9 uma unidade lenta mas eficaz na defesa, especialmente contra a infantaria.",
      "desc_abilities": []
    },
    "axe": {
      "id": "axe",
      "image": "unit\/unit_axe.png",
      "type": "infantry",
      "prod_building": "barracks",
      "build_time": 1320,
      "wood": 60,
      "stone": 30,
      "iron": 40,
      "pop": 1,
      "speed": 0.0009259259259,
      "attack": 40,
      "building_attack_multiplier": null,
      "additional_max_wall_negation": null,
      "defense": 10,
      "defense_cavalry": 5,
      "defense_archer": 10,
      "carry": 10,
      "stealth": 0,
      "perception": 0,
      "can_attack": true,
      "can_support": true,
      "attackpoints": 1,
      "defpoints": 4,
      "cost_modifier": 1,
      "reqs": [
        {
          "building_id": "smith",
          "building_link": "\/game.php?village=31999&screen=smith",
          "name": "Ferreiro",
          "level": 2
        }
      ],
      "tech_costs": {
        "wood": 700,
        "stone": 840,
        "iron": 820
      },
      "name": "B\u00e1rbaro",
      "shortname": "Machado",
      "desc": "O b\u00e1rbaro \u00e9 uma forte unidade de ataque, por\u00e9m quase in\u00fatil na defesa.",
      "desc_abilities": []
    },
    "archer": {
      "id": "archer",
      "image": "unit\/unit_archer.png",
      "type": "archer",
      "prod_building": "barracks",
      "build_time": 1800,
      "wood": 100,
      "stone": 30,
      "iron": 60,
      "pop": 1,
      "speed": 0.0009259259259,
      "attack": 15,
      "building_attack_multiplier": null,
      "additional_max_wall_negation": null,
      "defense": 50,
      "defense_cavalry": 40,
      "defense_archer": 5,
      "carry": 10,
      "stealth": 0,
      "perception": 0,
      "can_attack": true,
      "can_support": true,
      "attackpoints": 5,
      "defpoints": 2,
      "cost_modifier": 1,
      "reqs": [
        {
          "building_id": "barracks",
          "building_link": "\/game.php?village=31999&screen=barracks",
          "name": "Quartel",
          "level": 5
        },
        {
          "building_id": "smith",
          "building_link": "\/game.php?village=31999&screen=smith",
          "name": "Ferreiro",
          "level": 5
        }
      ],
      "tech_costs": {
        "wood": 640,
        "stone": 560,
        "iron": 740
      },
      "name": "Arqueiro",
      "shortname": "Arqueiro",
      "desc": "O Arqueiro \u00e9 uma unidade defensiva muito efetiva. Suas flechas t\u00eam o poder de destruir at\u00e9 mesmo a mais impenetr\u00e1vel armadura.",
      "desc_abilities": []
    },
    "spy": {
      "id": "spy",
      "image": "unit\/unit_spy.png",
      "type": "other",
      "prod_building": "stable",
      "build_time": 900,
      "wood": 50,
      "stone": 50,
      "iron": 20,
      "pop": 2,
      "speed": 0.001851851852,
      "attack": 0,
      "building_attack_multiplier": null,
      "additional_max_wall_negation": null,
      "defense": 2,
      "defense_cavalry": 1,
      "defense_archer": 2,
      "carry": 0,
      "stealth": 1,
      "perception": 1,
      "can_attack": true,
      "can_support": true,
      "attackpoints": 1,
      "defpoints": 2,
      "cost_modifier": 1,
      "reqs": [
        {
          "building_id": "stable",
          "building_link": "\/game.php?village=31999&screen=stable",
          "name": "Est\u00e1bulo",
          "level": 1
        }
      ],
      "tech_costs": {
        "wood": 560,
        "stone": 480,
        "iron": 480
      },
      "name": "Explorador",
      "shortname": "Explorador",
      "desc": "O explorador se infiltra em aldeias inimigas afim de obter informa\u00e7\u00f5es importantes sobre as mesmas.",
      "desc_abilities": [
        "Ao atacar, apenas pode ser capturado por outros exploradores.",
        "Ap\u00f3s o ataque, revela informa\u00e7\u00f5es extras no relat\u00f3rio de batalha."
      ]
    },
    "light": {
      "id": "light",
      "image": "unit\/unit_light.png",
      "type": "cavalry",
      "prod_building": "stable",
      "build_time": 1800,
      "wood": 125,
      "stone": 100,
      "iron": 250,
      "pop": 4,
      "speed": 0.001666666667,
      "attack": 130,
      "building_attack_multiplier": null,
      "additional_max_wall_negation": null,
      "defense": 30,
      "defense_cavalry": 40,
      "defense_archer": 30,
      "carry": 80,
      "stealth": 0,
      "perception": 0,
      "can_attack": true,
      "can_support": true,
      "attackpoints": 5,
      "defpoints": 13,
      "cost_modifier": 1,
      "reqs": [
        {
          "building_id": "stable",
          "building_link": "\/game.php?village=31999&screen=stable",
          "name": "Est\u00e1bulo",
          "level": 3
        }
      ],
      "tech_costs": {
        "wood": 2200,
        "stone": 2400,
        "iron": 2000
      },
      "name": "Cavalaria leve",
      "shortname": "CavL",
      "desc": "A cavalaria leve \u00e9 uma unidade boa para ataques. A sua velocidade e capacidade de carga a tornam uma excelente unidade para saquear aldeias inimigas.",
      "desc_abilities": []
    },
    "marcher": {
      "id": "marcher",
      "image": "unit\/unit_marcher.png",
      "type": "archer",
      "prod_building": "stable",
      "build_time": 2700,
      "wood": 250,
      "stone": 100,
      "iron": 150,
      "pop": 5,
      "speed": 0.001666666667,
      "attack": 120,
      "building_attack_multiplier": null,
      "additional_max_wall_negation": null,
      "defense": 40,
      "defense_cavalry": 30,
      "defense_archer": 50,
      "carry": 50,
      "stealth": 0,
      "perception": 0,
      "can_attack": true,
      "can_support": true,
      "attackpoints": 6,
      "defpoints": 12,
      "cost_modifier": 1,
      "reqs": [
        {
          "building_id": "stable",
          "building_link": "\/game.php?village=31999&screen=stable",
          "name": "Est\u00e1bulo",
          "level": 5
        }
      ],
      "tech_costs": {
        "wood": 3000,
        "stone": 2400,
        "iron": 2000
      },
      "name": "Arqueiro a cavalo",
      "shortname": "ArqC",
      "desc": "O arqueiro a cavalo \u00e9 especialmente \u00fatil para derrotar arqueiros inimigos escondidos atr\u00e1s da muralha.",
      "desc_abilities": []
    },
    "heavy": {
      "id": "heavy",
      "image": "unit\/unit_heavy.png",
      "type": "cavalry",
      "prod_building": "stable",
      "build_time": 3600,
      "wood": 200,
      "stone": 150,
      "iron": 600,
      "pop": 6,
      "speed": 0.001515151515,
      "attack": 150,
      "building_attack_multiplier": null,
      "additional_max_wall_negation": null,
      "defense": 200,
      "defense_cavalry": 80,
      "defense_archer": 180,
      "carry": 50,
      "stealth": 0,
      "perception": 0,
      "can_attack": true,
      "can_support": true,
      "attackpoints": 23,
      "defpoints": 15,
      "cost_modifier": 1,
      "reqs": [
        {
          "building_id": "stable",
          "building_link": "\/game.php?village=31999&screen=stable",
          "name": "Est\u00e1bulo",
          "level": 10
        },
        {
          "building_id": "smith",
          "building_link": "\/game.php?village=31999&screen=smith",
          "name": "Ferreiro",
          "level": 15
        }
      ],
      "tech_costs": {
        "wood": 3000,
        "stone": 2400,
        "iron": 2000
      },
      "name": "Cavalaria pesada",
      "shortname": "CavP",
      "desc": "A cavalaria pesada \u00e9 a elite das suas tropas. A sua velocidade permite apoiar rapidamente outras aldeias.",
      "desc_abilities": []
    },
    "ram": {
      "id": "ram",
      "image": "unit\/unit_ram.png",
      "type": "infantry",
      "prod_building": "garage",
      "build_time": 4800,
      "wood": 300,
      "stone": 200,
      "iron": 200,
      "pop": 5,
      "speed": 0.0005555555556,
      "attack": 2,
      "building_attack_multiplier": 1,
      "additional_max_wall_negation": 0,
      "defense": 20,
      "defense_cavalry": 50,
      "defense_archer": 20,
      "carry": 0,
      "stealth": 0,
      "perception": 0,
      "can_attack": true,
      "can_support": true,
      "attackpoints": 4,
      "defpoints": 8,
      "cost_modifier": 1,
      "reqs": [
        {
          "building_id": "garage",
          "building_link": "\/game.php?village=31999&screen=garage",
          "name": "Oficina",
          "level": 1
        }
      ],
      "tech_costs": {
        "wood": 1200,
        "stone": 1600,
        "iron": 800
      },
      "name": "Ar\u00edete",
      "shortname": "Ar\u00edete",
      "desc": "Os ar\u00edetes ajudam as suas tropas em seus ataques ao reduzir a efic\u00e1cia das muralhas inimigas ao causar danos nas muralhas.",
      "desc_abilities": [
        "Causa danos nas muralhas, reduzindo a efic\u00e1cia durante a batalha."
      ]
    },
    "catapult": {
      "id": "catapult",
      "image": "unit\/unit_catapult.png",
      "type": "infantry",
      "prod_building": "garage",
      "build_time": 7200,
      "wood": 320,
      "stone": 400,
      "iron": 100,
      "pop": 8,
      "speed": 0.0005555555556,
      "attack": 100,
      "building_attack_multiplier": 1,
      "additional_max_wall_negation": null,
      "defense": 100,
      "defense_cavalry": 50,
      "defense_archer": 100,
      "carry": 0,
      "stealth": 0,
      "perception": 0,
      "can_attack": true,
      "can_support": true,
      "attackpoints": 12,
      "defpoints": 10,
      "cost_modifier": 1,
      "reqs": [
        {
          "building_id": "garage",
          "building_link": "\/game.php?village=31999&screen=garage",
          "name": "Oficina",
          "level": 2
        },
        {
          "building_id": "smith",
          "building_link": "\/game.php?village=31999&screen=smith",
          "name": "Ferreiro",
          "level": 12
        }
      ],
      "tech_costs": {
        "wood": 1600,
        "stone": 2000,
        "iron": 1200
      },
      "name": "Catapulta",
      "shortname": "Cata",
      "desc": "As catapultas s\u00e3o unidades ofensivas que causam dano nas tropas inimigas e destroem seus edif\u00edcios.",
      "desc_abilities": [
        "Causa danos nos edif\u00edcios inimigos selecionados."
      ]
    },
    "knight": {
      "id": "knight",
      "image": "unit\/unit_knight.png",
      "type": "cavalry",
      "prod_building": "statue",
      "build_time": 21600,
      "wood": 20,
      "stone": 20,
      "iron": 40,
      "pop": 10,
      "speed": 0.001666666667,
      "attack": 150,
      "building_attack_multiplier": null,
      "additional_max_wall_negation": null,
      "defense": 250,
      "defense_cavalry": 400,
      "defense_archer": 150,
      "carry": 100,
      "stealth": 0,
      "perception": 0,
      "can_attack": true,
      "can_support": true,
      "attackpoints": 40,
      "defpoints": 20,
      "cost_modifier": 1,
      "name": "Paladino",
      "shortname": "Pala",
      "desc": "O paladino \u00e9 uma unidade poderosa que pode ser recrutada em sua est\u00e1tua. Ele tem a capacidade de enviar apoio rapidamente ao seu destino.",
      "desc_abilities": [
        "Pode aprender diferentes habilidades.",
        "Pode ganhar experi\u00eancia e n\u00edveis.",
        "\u00c9 poss\u00edvel recrutar mais paladinos por conquistar outras aldeias.",
        "As unidades enviadas como apoio junto com o paladino ir\u00e3o se mover na mesma velocidade do paladino."
      ]
    },
    "snob": {
      "id": "snob",
      "image": "unit\/unit_snob.png",
      "type": "infantry",
      "prod_building": "snob",
      "build_time": 18000,
      "wood": 40000,
      "stone": 50000,
      "iron": 50000,
      "pop": 100,
      "speed": 0.0004761904762,
      "attack": 30,
      "building_attack_multiplier": null,
      "additional_max_wall_negation": null,
      "defense": 100,
      "defense_cavalry": 50,
      "defense_archer": 100,
      "carry": 0,
      "stealth": 0,
      "perception": 0,
      "can_attack": true,
      "can_support": true,
      "attackpoints": 200,
      "defpoints": 200,
      "cost_modifier": 1,
      "reqs": [
        {
          "building_id": "snob",
          "building_link": "\/game.php?village=31999&screen=snob",
          "name": "Academia",
          "level": 1
        },
        {
          "building_id": "main",
          "building_link": "\/game.php?village=31999&screen=main",
          "name": "Edif\u00edcio principal",
          "level": 20
        },
        {
          "building_id": "smith",
          "building_link": "\/game.php?village=31999&screen=smith",
          "name": "Ferreiro",
          "level": 20
        },
        {
          "building_id": "market",
          "building_link": "\/game.php?village=31999&screen=market",
          "name": "Mercado",
          "level": 10
        }
      ],
      "name": "Nobre",
      "shortname": "Nobre",
      "desc": "Um ataque incluindo ao menos um nobre ir\u00e1 reduzir a lealdade da aldeia. Se a lealdade da aldeia \u00e9 reduzida a 0 ou menos, voc\u00ea conquistar\u00e1 esta aldeia. Isso consome o nobre envolvido no ataque.",
      "desc_abilities": [
        "Reduz a lealdade da aldeia de 20 \u00e0 35 pontos."
      ]
    },
    "militia": {
      "id": "militia",
      "image": "unit\/unit_militia.png",
      "type": "infantry",
      "prod_building": "farm",
      "build_time": 1,
      "wood": 0,
      "stone": 0,
      "iron": 0,
      "pop": 0,
      "speed": 1,
      "attack": 0,
      "building_attack_multiplier": null,
      "additional_max_wall_negation": null,
      "defense": 15,
      "defense_cavalry": 45,
      "defense_archer": 25,
      "carry": 0,
      "stealth": 0,
      "perception": 0,
      "can_attack": false,
      "can_support": false,
      "attackpoints": 4,
      "defpoints": 1,
      "cost_modifier": 1,
      "name": "Mil\u00edcia",
      "shortname": "Mil\u00edcia",
      "desc": "Se voc\u00ea est\u00e1 esperando um ataque em sua aldeia, voc\u00ea pode usar a fazenda para formar uma mil\u00edcia que defender\u00e1 as suas terras. A mil\u00edcia s\u00f3 pode ser utilizada para defesa, e n\u00e3o pode sair da aldeia.",
      "desc_abilities": []
    }
  }
}